model,RMSE,MAE
SARIMAX,3625.164862347409,2865.8506460977733
Prophet,5294.824173072953,4657.462851641593
RandomForest,6267.366255190237,5647.030909003066
